Date,Month,Working_age_population_persons,Labour_force_persons,Employed_total_persons,Employed_total_males,Employed_total_females,Employed_fulltime_persons,Employed_parttime_persons,Unemployed_total_persons,Unemployed_total_males,Unemployed_total_females,Unemployment_rate_percent,Employment_to_population_ratio_persons_percent,Employment_to_population_ratio_males_percent,Employment_to_population_ratio_females_percent
1978-02-01,Feb-1978,11000000,6820041,6360667,3431597,2929071,5236007,1124661,459373,250809,208564,6.7,57.8,63.0,52.7
1978-03-01,Mar-1978,11014912,6856838,6413667,3509196,2904472,5258009,1155659,443170,247049,196121,6.5,58.2,64.4,52.2
1978-04-01,Apr-1978,11029825,6864747,6462001,3494123,2967878,5364136,1097865,402746,224086,178660,5.9,58.6,64.0,53.3
1978-05-01,May-1978,11044737,6870887,6417800,3467387,2950413,5415617,1002183,453087,254978,198109,6.6,58.1,63.4,52.9
1978-06-01,Jun-1978,11059649,6911458,6487996,3472259,3015736,5398359,1089636,423462,225676,197787,6.1,58.7,63.4,54.0
1978-07-01,Jul-1978,11074561,6919157,6491838,3494510,2997327,5324955,1166883,427320,233271,194049,6.2,58.6,63.7,53.6
1978-08-01,Aug-1978,11089474,6978930,6536378,3552993,2983385,5374069,1162309,442552,241476,201076,6.3,58.9,64.7,53.3
1978-09-01,Sep-1978,11104386,7045524,6565149,3499673,3065476,5413453,1151696,480374,264913,215461,6.8,59.1,63.7,54.7
1978-10-01,Oct-1978,11119298,7007395,6558411,3560083,2998328,5325747,1232663,448984,244785,204199,6.4,59.0,64.7,53.4
1978-11-01,Nov-1978,11134211,7024890,6563513,3552629,3010884,5299119,1264394,461377,251244,210133,6.6,58.9,64.4,53.6
1978-12-01,Dec-1978,11149123,7082553,6591237,3564946,3026291,5393239,1197998,491316,273898,217418,6.9,59.1,64.6,53.8
1979-01-01,Jan-1979,11164035,7097326,6607716,3491442,3116274,5339161,1268555,489610,269968,219641,6.9,59.2,63.2,55.3
1979-02-01,Feb-1979,11178947,7106675,6646577,3581523,3065054,5427917,1218660,460098,247494,212604,6.5,59.5,64.7,54.3
1979-03-01,Mar-1979,11193860,7088147,6631698,3598075,3033623,5424704,1206993,456450,256931,199519,6.4,59.2,64.9,53.7
1979-04-01,Apr-1979,11208772,7133094,6691927,3583182,3108746,5622674,1069254,441166,246822,194344,6.2,59.7,64.5,54.9
1979-05-01,May-1979,11223684,7170557,6716920,3624867,3092053,5427731,1289189,453637,246658,206979,6.3,59.8,65.2,54.6
1979-06-01,Jun-1979,11238596,7113248,6643323,3502808,3140514,5415192,1228131,469925,262102,207824,6.6,59.1,62.9,55.4
1979-07-01,Jul-1979,11253509,7152889,6680874,3624122,3056752,5441437,1239437,472014,255856,216158,6.6,59.4,65.0,53.8
1979-08-01,Aug-1979,11268421,7112184,6647932,3561566,3086366,5453085,1194847,464252,260271,203981,6.5,59.0,63.8,54.3
1979-09-01,Sep-1979,11283333,7139291,6657482,3617388,3040094,5499971,1157510,481809,263624,218185,6.7,59.0,64.7,53.4
1979-10-01,Oct-1979,11298246,7125409,6676016,3536509,3139507,5411136,1264880,449393,243243,206150,6.3,59.1,63.2,55.1
1979-11-01,Nov-1979,11313158,7183206,6717304,3643171,3074134,5420844,1296460,465901,254164,211737,6.5,59.4,65.0,53.8
1979-12-01,Dec-1979,11328070,7149988,6672168,3587341,3084827,5328229,1343939,477820,258773,219047,6.7,58.9,63.9,54.0
1980-01-01,Jan-1980,11342982,7202778,6724079,3650015,3074064,5416194,1307885,478699,263818,214881,6.6,59.3,65.0,53.7
1980-02-01,Feb-1980,11357895,7198080,6710932,3584365,3126568,5502231,1208701,487147,268374,218773,6.8,59.1,63.7,54.6
1980-03-01,Mar-1980,11372807,7184367,6710252,3593957,3116295,5467210,1243043,474115,260517,213598,6.6,59.0,63.8,54.3
1980-04-01,Apr-1980,11387719,7101707,6645590,3654037,2991553,5342495,1303095,456118,247910,208208,6.4,58.4,64.8,52.1
1980-05-01,May-1980,11402632,7165273,6693042,3576957,3116085,5422130,1270912,472231,241991,230240,6.6,58.7,63.3,54.2
1980-06-01,Jun-1980,11417544,7177262,6728730,3599845,3128885,5476707,1252023,448532,246669,201864,6.2,58.9,63.6,54.3
1980-07-01,Jul-1980,11432456,7177394,6740281,3620143,3120138,5516400,1223882,437113,231679,205434,6.1,59.0,63.9,54.1
1980-08-01,Aug-1980,11447368,7115063,6642255,3542369,3099886,5361787,1280468,472808,260701,212107,6.6,58.0,62.4,53.7
1980-09-01,Sep-1980,11462281,7144966,6681528,3636894,3044634,5414880,1266648,463438,259627,203811,6.5,58.3,64.0,52.7
1980-10-01,Oct-1980,11477193,7121331,6652954,3638772,3014181,5285887,1367066,468377,258364,210013,6.6,58.0,64.0,52.1
1980-11-01,Nov-1980,11492105,7120779,6688150,3576439,3111711,5356940,1331211,432629,235760,196869,6.1,58.2,62.8,53.7
1980-12-01,Dec-1980,11507018,7179111,6719022,3558262,3160760,5566191,1152831,460089,251673,208417,6.4,58.4,62.4,54.5
1981-01-01,Jan-1981,11521930,7108746,6657338,3621710,3035628,5260203,1397135,451408,247119,204289,6.4,57.8,63.4,52.2
1981-02-01,Feb-1981,11536842,7130216,6682157,3632736,3049421,5401932,1280225,448059,243406,204653,6.3,57.9,63.5,52.4
1981-03-01,Mar-1981,11551754,7157343,6732466,3650080,3082386,5478567,1253899,424878,230651,194227,5.9,58.3,63.7,52.9
1981-04-01,Apr-1981,11566667,7102620,6646896,3614466,3032430,5367966,1278930,455724,245830,209894,6.4,57.5,63.0,52.0
1981-05-01,May-1981,11581579,7116134,6637622,3541900,3095722,5330168,1307454,478512,268212,210300,6.7,57.3,61.7,53.0
1981-06-01,Jun-1981,11596491,7122107,6652387,3572679,3079707,5390205,1262181,469721,257614,212107,6.6,57.4,62.2,52.7
1981-07-01,Jul-1981,11611404,7119965,6667864,3540113,3127751,5404967,1262897,452101,252328,199772,6.3,57.4,61.5,53.4
1981-08-01,Aug-1981,11626316,7075836,6616170,3511192,3104977,5356450,1259720,459666,250990,208677,6.5,56.9,60.9,53.0
1981-09-01,Sep-1981,11641228,7123489,6646985,3606936,3040049,5260529,1386456,476504,261702,214802,6.7,57.1,62.5,51.8
1981-10-01,Oct-1981,11656140,7172143,6755449,3609603,3145846,5461719,1293730,416694,227828,188866,5.8,58.0,62.5,53.5
1981-11-01,Nov-1981,11671053,7075856,6589825,3618008,2971817,5279673,1310151,486031,268799,217232,6.9,56.5,62.5,50.5
1981-12-01,Dec-1981,11685965,7167212,6634273,3568906,3065367,5334164,1300109,532940,296662,236278,7.4,56.8,61.6,52.0
1982-01-01,Jan-1982,11700877,7150031,6587285,3519746,3067539,5345914,1241371,562745,309931,252815,7.9,56.3,60.7,52.0
1982-02-01,Feb-1982,11715789,7133774,6525607,3533376,2992232,5321371,1204236,608167,329370,278797,8.5,55.7,60.8,50.7
1982-03-01,Mar-1982,11730702,7238928,6603077,3608102,2994975,5399946,1203131,635850,343665,292185,8.8,56.3,62.0,50.6
1982-04-01,Apr-1982,11745614,7209315,6590890,3557756,3033134,5296652,1294237,618425,349310,269116,8.6,56.1,61.1,51.2
1982-05-01,May-1982,11760526,7155760,6542118,3475370,3066748,5348891,1193227,613642,334686,278955,8.6,55.6,59.6,51.7
1982-06-01,Jun-1982,11775439,7217970,6590242,3552919,3037323,5403192,1187050,627728,342278,285450,8.7,56.0,60.8,51.2
1982-07-01,Jul-1982,11790351,7254586,6647728,3616953,3030776,5446342,1201386,606858,341534,265324,8.4,56.4,61.9,51.0
1982-08-01,Aug-1982,11805263,7247863,6632523,3546355,3086168,5449161,1183362,615340,343965,271375,8.5,56.2,60.6,51.9
1982-09-01,Sep-1982,11820175,7300545,6663458,3553203,3110255,5370743,1292715,637086,352569,284517,8.7,56.4,60.6,52.2
1982-10-01,Oct-1982,11835088,7297059,6641100,3600372,3040728,5349318,1291782,655959,356869,299090,9.0,56.1,61.3,51.0
1982-11-01,Nov-1982,11850000,7347428,6725822,3616473,3109349,5483230,1242592,621606,355268,266338,8.5,56.8,61.5,52.1
1982-12-01,Dec-1982,11864912,7400261,6772134,3598947,3173187,5371025,1401109,628127,346660,281467,8.5,57.1,61.2,53.1
1983-01-01,Jan-1983,11879825,7351248,6722745,3596641,3126103,5436268,1286477,628504,347814,280690,8.5,56.6,61.0,52.2
1983-02-01,Feb-1983,11894737,7409620,6754920,3600803,3154117,5410760,1344160,654699,357586,297113,8.8,56.8,61.0,52.6
1983-03-01,Mar-1983,11909649,7413471,6783888,3651569,3132319,5443390,1340497,629583,336019,293564,8.5,57.0,61.8,52.2
1983-04-01,Apr-1983,11924561,7462677,6800936,3654043,3146893,5362160,1438775,661741,353685,308056,8.9,57.0,61.8,52.4
1983-05-01,May-1983,11939474,7443976,6829227,3704422,3124805,5441024,1388203,614748,339255,275494,8.3,57.2,62.5,51.9
1983-06-01,Jun-1983,11954386,7494201,6860679,3706001,3154678,5524209,1336470,633522,349497,284025,8.5,57.4,62.5,52.4
1983-07-01,Jul-1983,11969298,7536336,6899481,3648178,3251303,5616591,1282890,636855,347289,289566,8.5,57.6,61.4,53.9
1983-08-01,Aug-1983,11984211,7603851,6942573,3739001,3203572,5657139,1285434,661279,354424,306855,8.7,57.9,62.9,53.1
1983-09-01,Sep-1983,11999123,7640500,6971092,3771070,3200022,5604173,1366919,669408,356950,312458,8.8,58.1,63.3,52.9
1983-10-01,Oct-1983,12014035,7578721,6963129,3751041,3212088,5588596,1374533,615592,335089,280503,8.1,58.0,62.9,53.1
1983-11-01,Nov-1983,12028947,7624143,6993534,3787129,3206404,5566548,1426986,630610,336126,294484,8.3,58.1,63.4,52.9
1983-12-01,Dec-1983,12043860,7701680,7040551,3756612,3283939,5689178,1351373,661129,367940,293189,8.6,58.5,62.9,54.1
1984-01-01,Jan-1984,12058772,7630657,6994617,3717702,3276915,5605005,1389612,636040,355569,280471,8.3,58.0,62.1,53.9
1984-02-01,Feb-1984,12073684,7709194,7083254,3831055,3252199,5734870,1348384,625940,360394,265546,8.1,58.7,63.9,53.5
1984-03-01,Mar-1984,12088596,7744355,7065979,3750838,3315141,5800234,1265745,678376,377328,301049,8.8,58.5,62.5,54.4
1984-04-01,Apr-1984,12103509,7814004,7140164,3750782,3389382,5732117,1408047,673840,364868,308973,8.6,59.0,62.4,55.6
1984-05-01,May-1984,12118421,7812367,7138684,3863307,3275377,5624720,1513964,673683,362881,310803,8.6,58.9,64.2,53.7
1984-06-01,Jun-1984,12133333,7792716,7139597,3800972,3338625,5669256,1470342,653118,334930,318189,8.4,58.8,63.1,54.6
1984-07-01,Jul-1984,12148246,7806826,7123164,3806740,3316424,5612036,1511129,683662,370100,313562,8.8,58.6,63.1,54.2
1984-08-01,Aug-1984,12163158,7825019,7164587,3789385,3375202,5661739,1502848,660432,360262,300171,8.4,58.9,62.8,55.1
1984-09-01,Sep-1984,12178070,7901921,7208598,3814894,3393704,5875261,1333337,693323,386116,307207,8.8,59.2,63.1,55.3
1984-10-01,Oct-1984,12192982,7840919,7192311,3811972,3380339,5782769,1409542,648607,358880,289727,8.3,59.0,63.0,55.1
1984-11-01,Nov-1984,12207895,7853971,7234570,3862780,3371790,5688720,1545850,619401,342554,276846,7.9,59.3,63.7,54.8
1984-12-01,Dec-1984,12222807,7884758,7273598,3909808,3363790,5875864,1397734,611161,335686,275475,7.8,59.5,64.4,54.7
1985-01-01,Jan-1985,12237719,7872386,7311525,3832281,3479244,5949197,1362328,560862,310547,250314,7.1,59.7,63.1,56.5
1985-02-01,Feb-1985,12252632,7872865,7316343,3945995,3370348,5832906,1483437,556522,312503,244019,7.1,59.7,64.9,54.6
1985-03-01,Mar-1985,12267544,7840787,7326038,3879989,3446048,5815805,1510232,514749,276095,238654,6.6,59.7,63.7,55.8
1985-04-01,Apr-1985,12282456,7881493,7387382,3916362,3471020,5887833,1499548,494111,268011,226101,6.3,60.1,64.2,56.1
1985-05-01,May-1985,12297368,7864242,7351634,3961136,3390498,5903391,1448243,512608,273252,239356,6.5,59.8,64.9,54.8
1985-06-01,Jun-1985,12312281,7921043,7413131,3965990,3447141,5977427,1435705,507912,286004,221907,6.4,60.2,64.9,55.6
1985-07-01,Jul-1985,12327193,7898287,7366815,3886979,3479836,5978346,1388468,531472,297543,233930,6.7,59.8,63.5,56.1
1985-08-01,Aug-1985,12342105,7868348,7369348,4012508,3356840,5980952,1388396,499000,276628,222372,6.3,59.7,65.5,54.0
1985-09-01,Sep-1985,12357018,7888219,7384145,3920297,3463848,5989278,1394868,504073,269589,234484,6.4,59.8,63.9,55.7
1985-10-01,Oct-1985,12371930,7844278,7310647,3921391,3389256,5940901,1369747,533631,292697,240934,6.8,59.1,63.8,54.4
1985-11-01,Nov-1985,12386842,7888863,7331937,3930686,3401251,5905166,1426770,556926,303185,253741,7.1,59.2,63.9,54.5
1985-12-01,Dec-1985,12401754,7842031,7293108,3953662,3339447,5712344,1580764,548923,300541,248382,7.0,58.8,64.2,53.5
1986-01-01,Jan-1986,12416667,7856202,7344307,3912471,3431836,5853587,1490720,511895,278873,233022,6.5,59.1,63.4,54.9
1986-02-01,Feb-1986,12431579,7778520,7268660,3924988,3343672,5823974,1444686,509860,281356,228503,6.6,58.5,63.6,53.4
1986-03-01,Mar-1986,12446491,7831936,7292836,3873847,3418989,5790846,1501989,539101,292542,246559,6.9,58.6,62.7,54.6
1986-04-01,Apr-1986,12461404,7748523,7247280,3916812,3330467,5846828,1400452,501244,278244,223000,6.5,58.2,63.3,53.1
1986-05-01,May-1986,12476316,7728594,7245100,3846963,3398136,5751297,1493803,483494,265409,218085,6.3,58.1,62.1,54.1
1986-06-01,Jun-1986,12491228,7787170,7278729,3879022,3399707,5735169,1543560,508441,276369,232073,6.5,58.3,62.5,54.1
1986-07-01,Jul-1986,12506140,7759458,7246335,3943195,3303140,5879733,1366601,513124,279826,233298,6.6,57.9,63.5,52.5
1986-08-01,Aug-1986,12521053,7795022,7304503,3916795,3387709,5868415,1436088,490518,265868,224650,6.3,58.3,63.0,53.8
1986-09-01,Sep-1986,12535965,7870063,7390898,3955075,3435824,5903120,1487778,479164,265708,213456,6.1,59.0,63.5,54.5
1986-10-01,Oct-1986,12550877,7752393,7276332,3970961,3305372,5861433,1414899,476060,258804,217257,6.1,58.0,63.7,52.3
1986-11-01,Nov-1986,12565789,7759667,7242380,3883947,3358433,5842268,1400112,517287,284128,233160,6.7,57.6,62.2,53.1
1986-12-01,Dec-1986,12580702,7791944,7300241,3871612,3428628,5834607,1465633,491703,266679,225025,6.3,58.0,61.9,54.2
1987-01-01,Jan-1987,12595614,7805448,7300852,3928162,3372690,5629102,1671750,504596,268140,236456,6.5,58.0,62.8,53.2
1987-02-01,Feb-1987,12610526,7784478,7274350,3843820,3430530,5736644,1537707,510128,283259,226868,6.6,57.7,61.3,54.1
1987-03-01,Mar-1987,12625439,7789457,7271085,3925693,3345392,5748335,1522750,518372,277637,240735,6.7,57.6,62.6,52.7
1987-04-01,Apr-1987,12640351,7831821,7329310,3959589,3369720,5754023,1575287,502511,277854,224657,6.4,58.0,63.0,53.0
1987-05-01,May-1987,12655263,7834699,7315675,3886768,3428907,5828186,1487489,519024,285622,233401,6.6,57.8,61.8,53.9
1987-06-01,Jun-1987,12670175,7787311,7298464,3875235,3423230,5885322,1413142,488847,258849,229998,6.3,57.6,61.5,53.7
1987-07-01,Jul-1987,12685088,7837089,7334765,3923624,3411142,5789910,1544856,502324,269541,232783,6.4,57.8,62.2,53.5
1987-08-01,Aug-1987,12700000,7856782,7366213,3934079,3432134,5765179,1601034,490569,265329,225240,6.2,58.0,62.3,53.7
1987-09-01,Sep-1987,12714912,7832342,7301078,3862701,3438378,5943460,1357619,531263,285691,245572,6.8,57.4,61.1,53.8
1987-10-01,Oct-1987,12729825,7901347,7388295,3965558,3422737,5829582,1558712,513053,274026,239027,6.5,58.0,62.7,53.5
1987-11-01,Nov-1987,12744737,7879136,7381554,3865223,3516331,5764892,1616663,497581,275309,222272,6.3,57.9,61.0,54.9
1987-12-01,Dec-1987,12759649,7971224,7460117,3965986,3494131,5934258,1525859,511107,277769,233339,6.4,58.5,62.5,54.4
1988-01-01,Jan-1988,12774561,7964929,7451624,3962156,3489468,5939812,1511812,513305,282154,231151,6.4,58.3,62.4,54.3
1988-02-01,Feb-1988,12789474,7985824,7452760,3967237,3485523,5854747,1598013,533064,288646,244418,6.7,58.3,62.4,54.2
1988-03-01,Mar-1988,12804386,7985740,7498523,4012967,3485556,6001128,1497395,487217,267389,219829,6.1,58.6,63.0,54.1
1988-04-01,Apr-1988,12819298,8030969,7529780,3971499,3558282,5928213,1601567,501189,269744,231445,6.2,58.7,62.3,55.2
1988-05-01,May-1988,12834211,7986579,7475001,4010106,3464896,5850817,1624184,511578,279024,232554,6.4,58.2,62.8,53.7
1988-06-01,Jun-1988,12849123,8048564,7474454,3980692,3493762,5931018,1543436,574110,316603,257507,7.1,58.2,62.3,54.1
1988-07-01,Jul-1988,12864035,8135394,7587156,4022482,3564674,6063647,1523509,548238,299373,248864,6.7,59.0,62.9,55.1
1988-08-01,Aug-1988,12878947,8068716,7546498,3973490,3573008,5923432,1623066,522218,282524,239694,6.5,58.6,62.1,55.2
1988-09-01,Sep-1988,12893860,8213438,7664945,4042494,3622451,6088583,1576362,548493,293267,255226,6.7,59.4,63.1,55.9
1988-10-01,Oct-1988,12908772,8142781,7571617,4051305,3520311,5980609,1591008,571164,312532,258632,7.0,58.7,63.1,54.2
1988-11-01,Nov-1988,12923684,8269240,7736571,4087937,3648635,6334885,1401687,532668,292394,240274,6.4,59.9,63.6,56.2
1988-12-01,Dec-1988,12938596,8236183,7708376,4112256,3596120,6037703,1670673,527807,286523,241284,6.4,59.6,63.9,55.3
1989-01-01,Jan-1989,12953509,8327794,7761255,4178778,3582478,6239774,1521481,566539,304634,261905,6.8,59.9,64.9,55.0
1989-02-01,Feb-1989,12968421,8330377,7778611,4186572,3592039,6140212,1638399,551766,303910,247857,6.6,60.0,64.9,55.1
1989-03-01,Mar-1989,12983333,8292252,7739338,4185450,3553889,6101687,1637651,552914,315244,237670,6.7,59.6,64.8,54.5
1989-04-01,Apr-1989,12998246,8426557,7889538,4193020,3696517,6285242,1604296,537020,291212,245808,6.4,60.7,64.9,56.6
1989-05-01,May-1989,13013158,8458620,7868120,4150189,3717931,6279943,1588177,590501,323967,266534,7.0,60.5,64.1,56.8
1989-06-01,Jun-1989,13028070,8422869,7839383,4217155,3622228,6284462,1554921,583486,320335,263151,6.9,60.2,65.1,55.3
1989-07-01,Jul-1989,13042982,8436313,7876016,4208451,3667566,6238127,1637889,560297,291090,269207,6.6,60.4,64.9,55.9
1989-08-01,Aug-1989,13057895,8460733,7896312,4251032,3645280,6179040,1717271,564422,308398,256024,6.7,60.5,65.4,55.5
1989-09-01,Sep-1989,13072807,8446995,7940751,4230352,3710399,6216987,1723764,506244,272388,233856,6.0,60.7,65.1,56.5
1989-10-01,Oct-1989,13087719,8544813,7975778,4295832,3679946,6326121,1649656,569036,318054,250982,6.7,60.9,66.0,56.0
1989-11-01,Nov-1989,13102632,8494915,7946868,4265965,3680903,6307041,1639827,548047,297323,250725,6.5,60.7,65.4,55.9
1989-12-01,Dec-1989,13117544,8526908,7963409,4269251,3694158,6383425,1579984,563499,302735,260763,6.6,60.7,65.4,56.0
1990-01-01,Jan-1990,13132456,8508401,7940838,4248279,3692559,6285732,1655107,567563,308072,259491,6.7,60.5,65.0,56.0
1990-02-01,Feb-1990,13147368,8523753,7976982,4262975,3714006,6363713,1613268,546771,298872,247899,6.4,60.7,65.2,56.2
1990-03-01,Mar-1990,13162281,8504856,7987984,4261858,3726126,6407142,1580842,516872,278756,238116,6.1,60.7,65.1,56.3
1990-04-01,Apr-1990,13177193,8609969,8042403,4290182,3752221,6340226,1702176,567566,308955,258611,6.6,61.0,65.4,56.7
1990-05-01,May-1990,13192105,8557296,7948474,4270032,3678441,6133186,1815288,608822,323467,285355,7.1,60.3,65.1,55.5
1990-06-01,Jun-1990,13207018,8603005,7913263,4191265,3721998,6128449,1784814,689742,374222,315519,8.0,59.9,63.8,56.1
1990-07-01,Jul-1990,13221930,8564911,7815578,4226948,3588629,6030809,1784769,749333,414028,335305,8.7,59.1,64.2,54.0
1990-08-01,Aug-1990,13236842,8534865,7714272,4100707,3613565,6184573,1529699,820594,463167,357427,9.6,58.3,62.3,54.3
1990-09-01,Sep-1990,13251754,8546041,7698050,4133695,3564354,5982057,1715993,847991,467893,380098,9.9,58.1,62.7,53.5
1990-10-01,Oct-1990,13266667,8531981,7610166,4045175,3564991,6070262,1539904,921815,504589,417227,10.8,57.4,61.3,53.5
1990-11-01,Nov-1990,13281579,8548656,7645632,4057644,3587988,6047409,1598223,903023,502505,400519,10.6,57.6,61.4,53.8
1990-12-01,Dec-1990,13296491,8526398,7607436,4123656,3483780,6101391,1506045,918962,509829,409133,10.8,57.2,62.3,52.2
1991-01-01,Jan-1991,13311404,8521557,7584615,4022086,3562529,6027342,1557273,936942,525812,411130,11.0,57.0,60.7,53.3
1991-02-01,Feb-1991,13326316,8469903,7580084,3982602,3597482,5938218,1641866,889818,494163,395655,10.5,56.9,60.0,53.7
1991-03-01,Mar-1991,13341228,8483708,7631147,4030516,3600631,5969027,1662120,852561,463207,389354,10.0,57.2,60.7,53.7
1991-04-01,Apr-1991,13356140,8572953,7691951,4077489,3614463,6036771,1655180,881002,481944,399058,10.3,57.6,61.3,53.9
1991-05-01,May-1991,13371053,8470316,7606490,4125817,3480672,5974817,1631672,863826,471833,391993,10.2,56.9,62.0,51.8
1991-06-01,Jun-1991,13385965,8445556,7569369,4031542,3537827,5890493,1678876,876187,479631,396556,10.4,56.5,60.5,52.6
1991-07-01,Jul-1991,13400877,8492369,7598980,4074572,3524408,5949655,1649325,893390,488107,405283,10.5,56.7,61.1,52.4
1991-08-01,Aug-1991,13415789,8526839,7674201,4040204,3633998,6132806,1541395,852637,457433,395205,10.0,57.2,60.5,53.9
1991-09-01,Sep-1991,13430702,8403664,7514084,4006390,3507694,5754310,1759775,889580,465468,424112,10.6,55.9,59.9,52.0
1991-10-01,Oct-1991,13445614,8446730,7591717,4059487,3532230,5960875,1630842,855013,459594,395419,10.1,56.5,60.6,52.3
1991-11-01,Nov-1991,13460526,8423524,7532792,4070148,3462644,5825100,1707692,890732,466699,424033,10.6,56.0,60.7,51.2
1991-12-01,Dec-1991,13475439,8372943,7496076,3956292,3539783,5877004,1619072,876867,477765,399102,10.5,55.6,59.0,52.3
1992-01-01,Jan-1992,13490351,8470298,7587558,4053486,3534072,5996530,1591029,882740,480374,402365,10.4,56.2,60.3,52.2
1992-02-01,Feb-1992,13505263,8437501,7553104,4023318,3529786,5899791,1653313,884397,466386,418011,10.5,55.9,59.8,52.1
1992-03-01,Mar-1992,13520175,8440845,7565946,3979663,3586284,5970939,1595007,874898,482027,392871,10.4,56.0,59.1,52.8
1992-04-01,Apr-1992,13535088,8408607,7538579,4002649,3535930,5769498,1769081,870029,480868,389161,10.3,55.7,59.4,52.0
1992-05-01,May-1992,13550000,8460657,7607881,4029762,3578119,6025974,1581908,852776,464728,388048,10.1,56.1,59.7,52.6
1992-06-01,Jun-1992,13564912,8425121,7541108,3916252,3624855,5842402,1698705,884014,495615,388399,10.5,55.6,58.0,53.2
1992-07-01,Jul-1992,13579825,8448085,7522058,4015937,3506121,5918114,1603944,926027,521026,405001,11.0,55.4,59.4,51.4
1992-08-01,Aug-1992,13594737,8417526,7492009,3997311,3494698,5859802,1632207,925517,492222,433295,11.0,55.1,59.0,51.2
1992-09-01,Sep-1992,13609649,8423893,7511547,3970565,3540982,5665450,1846097,912346,505646,406699,10.8,55.2,58.6,51.8
1992-10-01,Oct-1992,13624561,8540953,7629082,3997975,3631107,5891933,1737150,911871,499918,411953,10.7,56.0,58.9,53.1
1992-11-01,Nov-1992,13639474,8480415,7604313,4091756,3512557,5945331,1658982,876101,480080,396022,10.3,55.8,60.2,51.3
1992-12-01,Dec-1992,13654386,8529854,7603453,4044745,3558708,6044314,1559139,926401,512391,414010,10.9,55.7,59.5,51.9
1993-01-01,Jan-1993,13669298,8535143,7640151,4092542,3547609,5974966,1665185,894992,480188,414804,10.5,55.9,60.1,51.7
1993-02-01,Feb-1993,13684211,8538847,7643739,4109105,3534633,5973768,1669971,895109,481354,413755,10.5,55.9,60.3,51.5
1993-03-01,Mar-1993,13699123,8558220,7665838,4046559,3619279,5861242,1804596,892382,477766,414616,10.4,56.0,59.3,52.6
1993-04-01,Apr-1993,13714035,8628755,7720752,4126601,3594150,6121033,1599719,908003,486749,421254,10.5,56.3,60.4,52.2
1993-05-01,May-1993,13728947,8615604,7720339,4085315,3635024,6147968,1572371,895264,485765,409499,10.4,56.2,59.7,52.8
1993-06-01,Jun-1993,13743860,8648323,7742061,4103316,3638745,6025807,1716254,906263,479436,426826,10.5,56.3,59.9,52.8
1993-07-01,Jul-1993,13758772,8683185,7794995,4130062,3664933,6045872,1749123,888190,473451,414739,10.2,56.7,60.2,53.1
1993-08-01,Aug-1993,13773684,8759583,7848010,4161046,3686964,5975384,1872626,911573,500681,410893,10.4,57.0,60.6,53.4
1993-09-01,Sep-1993,13788596,8768641,7797940,4177573,3620368,6130617,1667324,970701,526827,443873,11.1,56.6,60.8,52.3
1993-10-01,Oct-1993,13803509,8786492,7865439,4174381,3691059,6324958,1540481,921053,504031,417022,10.5,57.0,60.7,53.3
1993-11-01,Nov-1993,13818421,8777884,7931666,4198104,3733563,6218949,1712718,846217,443821,402397,9.6,57.4,61.0,53.9
1993-12-01,Dec-1993,13833333,8774735,7982105,4219479,3762626,6300305,1681800,792630,424449,368181,9.0,57.7,61.2,54.2
1994-01-01,Jan-1994,13848246,8902415,8165559,4341252,3824308,6384320,1781239,736856,396240,340616,8.3,59.0,62.9,55.1
1994-02-01,Feb-1994,13863158,8933879,8306581,4364447,3942134,6365835,1940747,627297,340992,286306,7.0,59.9,63.2,56.7
1994-03-01,Mar-1994,13878070,8918180,8343117,4399566,3943551,6585633,1757484,575063,309019,266044,6.4,60.1,63.6,56.6
1994-04-01,Apr-1994,13892982,8976416,8372342,4433390,3938952,6391518,1980824,604074,333766,270308,6.7,60.3,64.0,56.5
1994-05-01,May-1994,13907895,9015472,8423385,4438345,3985039,6514811,1908573,592087,321252,270836,6.6,60.6,64.0,57.1
1994-06-01,Jun-1994,13922807,9045680,8454953,4473446,3981506,6578687,1876266,590727,320938,269789,6.5,60.7,64.5,57.0
1994-07-01,Jul-1994,13937719,9076465,8451232,4450230,4001002,6624915,1826317,625233,339641,285592,6.9,60.6,64.1,57.2
1994-08-01,Aug-1994,13952632,9044558,8471987,4571474,3900514,6599695,1872293,572571,314990,257581,6.3,60.7,65.7,55.7
1994-09-01,Sep-1994,13967544,9151361,8554630,4586750,3967880,6659628,1895001,596732,321221,275510,6.5,61.2,65.9,56.6
1994-10-01,Oct-1994,13982456,9058258,8481248,4509679,3971570,6503176,1978072,577010,319782,257227,6.4,60.7,64.7,56.6
1994-11-01,Nov-1994,13997368,9167698,8537641,4517718,4019923,6499400,2038241,630057,344986,285071,6.9,61.0,64.7,57.3
1994-12-01,Dec-1994,14012281,9171423,8620034,4657596,3962438,6676601,1943433,551389,300205,251184,6.0,61.5,66.7,56.4
1995-01-01,Jan-1995,14027193,9204664,8621782,4577568,4044215,6609457,2012326,582882,316677,266205,6.3,61.5,65.5,57.5
1995-02-01,Feb-1995,14042105,9262318,8672521,4586280,4086241,6594549,2077972,589798,323236,266562,6.4,61.8,65.5,58.0
1995-03-01,Mar-1995,14057018,9258992,8641798,4586428,4055370,6572832,2068966,617194,341284,275910,6.7,61.5,65.4,57.5
1995-04-01,Apr-1995,14071930,9159208,8549977,4537367,4012610,6567377,1982601,609231,336434,272797,6.7,60.8,64.7,56.9
1995-05-01,May-1995,14086842,9145271,8518930,4567482,3951447,6425519,2093410,626341,342293,284049,6.8,60.5,65.0,55.9
1995-06-01,Jun-1995,14101754,9258203,8692851,4598152,4094700,6598628,2094223,565351,311774,253578,6.1,61.6,65.4,57.9
1995-07-01,Jul-1995,14116667,9185622,8571322,4624199,3947123,6479765,2091557,614299,334087,280212,6.7,60.7,65.7,55.8
1995-08-01,Aug-1995,14131579,9231047,8637797,4530847,4106951,6685032,1952765,593250,329347,263903,6.4,61.1,64.3,58.0
1995-09-01,Sep-1995,14146491,9268246,8681233,4621585,4059649,6736264,1944969,587013,318355,268658,6.3,61.4,65.5,57.2
1995-10-01,Oct-1995,14161404,9161965,8554078,4480908,4073170,6772439,1781639,607886,317201,290685,6.6,60.4,63.4,57.4
1995-11-01,Nov-1995,14176316,9139517,8566473,4607691,3958781,6480072,2086401,573045,318558,254486,6.3,60.4,65.2,55.7
1995-12-01,Dec-1995,14191228,9236127,8683736,4577058,4106677,6637822,2045914,552392,300263,252128,6.0,61.2,64.7,57.7
1996-01-01,Jan-1996,14206140,9221337,8630485,4560290,4070195,6732564,1897921,590852,313592,277260,6.4,60.8,64.4,57.2
1996-02-01,Feb-1996,14221053,9201990,8638317,4606406,4031910,6639143,1999173,563673,304631,259042,6.1,60.7,64.9,56.6
1996-03-01,Mar-1996,14235965,9205994,8622540,4611814,4010726,6615547,2006993,583455,311301,272154,6.3,60.6,64.9,56.2
1996-04-01,Apr-1996,14250877,9158451,8554644,4473796,4080848,6735691,1818954,603806,340156,263650,6.6,60.0,62.9,57.1
1996-05-01,May-1996,14265789,9120566,8520615,4488173,4032442,6532488,1988127,599951,328349,271602,6.6,59.7,63.1,56.4
1996-06-01,Jun-1996,14280702,9167702,8535431,4450770,4084661,6472098,2063333,632271,332950,299321,6.9,59.8,62.5,57.1
1996-07-01,Jul-1996,14295614,9122277,8533882,4514893,4018990,6455260,2078623,588395,322268,266127,6.5,59.7,63.3,56.1
1996-08-01,Aug-1996,14310526,9082316,8526781,4500511,4026270,6588860,1937921,555535,299002,256533,6.1,59.6,63.0,56.1
1996-09-01,Sep-1996,14325439,9163550,8585240,4520288,4064953,6629461,1955780,578309,324630,253679,6.3,59.9,63.2,56.6
1996-10-01,Oct-1996,14340351,9128353,8555991,4490083,4065908,6461444,2094547,572362,304275,268087,6.3,59.7,62.8,56.6
1996-11-01,Nov-1996,14355263,9138117,8571961,4510809,4061152,6504663,2067298,566156,294194,271962,6.2,59.7,63.0,56.5
1996-12-01,Dec-1996,14370175,9068219,8468915,4440873,4028042,6553274,1915641,599304,325260,274045,6.6,58.9,61.9,55.9
1997-01-01,Jan-1997,14385088,9073568,8498422,4510091,3988331,6577785,1920637,575145,309747,265398,6.3,59.1,62.8,55.3
1997-02-01,Feb-1997,14400000,9050936,8507368,4556374,3950994,6478937,2028431,543568,292350,251219,6.0,59.1,63.4,54.8
1997-03-01,Mar-1997,14414912,9049091,8445133,4377060,4068074,6536483,1908650,603957,314391,289566,6.7,58.6,60.8,56.3
1997-04-01,Apr-1997,14429825,9090609,8502252,4483364,4018888,6574472,1927780,588357,321360,266998,6.5,58.9,62.3,55.6
1997-05-01,May-1997,14444737,9044470,8448511,4441815,4006696,6332032,2116479,595959,332920,263040,6.6,58.5,61.6,55.4
1997-06-01,Jun-1997,14459649,9091769,8498401,4506288,3992113,6492499,2005902,593368,310194,283174,6.5,58.8,62.4,55.1
1997-07-01,Jul-1997,14474561,9090798,8485541,4437751,4047789,6542444,1943096,605257,335032,270225,6.7,58.6,61.4,55.8
1997-08-01,Aug-1997,14489474,9165701,8569059,4515483,4053576,6520204,2048855,596642,319861,276781,6.5,59.1,62.4,55.9
1997-09-01,Sep-1997,14504386,9020683,8406460,4391817,4014643,6262932,2143528,614223,347186,267037,6.8,58.0,60.7,55.3
1997-10-01,Oct-1997,14519298,9125641,8522779,4526128,3996651,6505823,2016956,602862,329211,273652,6.6,58.7,62.5,55.0
1997-11-01,Nov-1997,14534211,9090852,8491036,4483460,4007576,6567547,1923489,599816,323784,276032,6.6,58.4,61.8,55.1
1997-12-01,Dec-1997,14549123,9104066,8502973,4478229,4024744,6645272,1857701,601093,332226,268867,6.6,58.4,61.7,55.2
1998-01-01,Jan-1998,14564035,9053398,8497896,4497698,4000198,6318895,2179002,555502,303790,251712,6.1,58.3,61.9,54.8
1998-02-01,Feb-1998,14578947,9110815,8522362,4483922,4038441,6744567,1777796,588453,315207,273246,6.5,58.5,61.6,55.3
1998-03-01,Mar-1998,14593860,9179771,8589037,4462406,4126632,6474105,2114933,590734,324104,266630,6.4,58.9,61.2,56.5
1998-04-01,Apr-1998,14608772,9161946,8561666,4539753,4021913,6629955,1931711,600280,321991,278289,6.6,58.6,62.2,55.0
1998-05-01,May-1998,14623684,9189405,8623308,4558728,4064580,6699628,1923679,566097,296402,269695,6.2,59.0,62.4,55.5
1998-06-01,Jun-1998,14638596,9195235,8559980,4505866,4054113,6626974,1933006,635255,356858,278398,6.9,58.5,61.7,55.3
1998-07-01,Jul-1998,14653509,9282662,8676866,4616352,4060514,6643174,2033693,605796,325862,279933,6.5,59.2,63.1,55.3
1998-08-01,Aug-1998,14668421,9256484,8682843,4629216,4053628,6531934,2150909,573640,307057,266583,6.2,59.2,63.2,55.2
1998-09-01,Sep-1998,14683333,9187493,8629557,4500647,4128910,6644174,1985383,557936,303919,254017,6.1,58.8,61.4,56.2
1998-10-01,Oct-1998,14698246,9282204,8685388,4542823,4142565,6568640,2116748,596816,313747,283069,6.4,59.1,61.9,56.3
1998-11-01,Nov-1998,14713158,9255250,8655733,4627625,4028109,6387789,2267944,599516,316381,283135,6.5,58.8,63.0,54.7
1998-12-01,Dec-1998,14728070,9228863,8645560,4616179,4029381,6840984,1804575,583304,312786,270518,6.3,58.7,62.8,54.6
1999-01-01,Jan-1999,14742982,9380199,8768326,4586689,4181636,6750168,2018158,611873,327961,283912,6.5,59.5,62.3,56.7
1999-02-01,Feb-1999,14757895,9494347,8892433,4631475,4260958,6942386,1950048,601914,326163,275751,6.3,60.3,62.8,57.7
1999-03-01,Mar-1999,14772807,9469384,8840814,4628134,4212680,6658742,2182072,628570,347189,281380,6.6,59.8,62.7,57.0
1999-04-01,Apr-1999,14787719,9447383,8850415,4638865,4211550,6874518,1975898,596967,320182,276785,6.3,59.8,62.8,56.9
1999-05-01,May-1999,14802632,9489630,8873717,4602430,4271287,6901452,1972265,615913,336276,279636,6.5,59.9,62.2,57.6
1999-06-01,Jun-1999,14817544,9613350,8964957,4721683,4243274,6967202,1997755,648393,354692,293700,6.7,60.5,63.8,57.2
1999-07-01,Jul-1999,14832456,9601262,8915451,4636684,4278768,6786209,2129242,685810,363577,322234,7.1,60.1,62.6,57.6
1999-08-01,Aug-1999,14847368,9626804,9025313,4696494,4328819,6761162,2264151,601491,326749,274742,6.2,60.8,63.3,58.3
1999-09-01,Sep-1999,14862281,9651762,9035606,4797445,4238160,6859440,2176165,616156,327478,288678,6.4,60.8,64.6,57.0
1999-10-01,Oct-1999,14877193,9684206,9075066,4745351,4329715,6703516,2371550,609141,335951,273190,6.3,61.0,63.8,58.2
1999-11-01,Nov-1999,14892105,9745508,9092941,4782030,4310911,6760179,2332762,652567,355906,296662,6.7,61.1,64.3,57.8
1999-12-01,Dec-1999,14907018,9759787,9153414,4845415,4307999,6967259,2186156,606373,328031,278342,6.2,61.4,65.1,57.8
2000-01-01,Jan-2000,14921930,9768644,9145511,4849170,4296342,6860081,2285431,623133,328625,294508,6.4,61.3,65.0,57.5
2000-02-01,Feb-2000,14936842,9734392,9102377,4773470,4328907,6900921,2201455,632015,342487,289528,6.5,60.9,64.0,57.9
2000-03-01,Mar-2000,14951754,9824285,9209744,4846841,4362902,6985327,2224416,614541,327570,286972,6.3,61.6,64.9,58.3
2000-04-01,Apr-2000,14966667,9788870,9176021,4788717,4387304,7144823,2031198,612849,335673,277175,6.3,61.3,64.0,58.6
2000-05-01,May-2000,14981579,9884902,9254137,4948042,4306096,7144948,2109189,630765,340259,290506,6.4,61.8,66.1,57.4
2000-06-01,Jun-2000,14996491,9792552,9207458,4872076,4335382,6983198,2224260,585094,311547,273547,6.0,61.4,65.0,57.8
2000-07-01,Jul-2000,15011404,9855343,9250360,4813202,4437158,7129605,2120755,604983,332630,272353,6.1,61.6,64.2,59.1
2000-08-01,Aug-2000,15026316,9870800,9239390,4858162,4381229,6935307,2304083,631410,345849,285560,6.4,61.5,64.7,58.3
2000-09-01,Sep-2000,15041228,9818737,9176880,4857365,4319515,6926929,2249951,641856,343110,298747,6.5,61.0,64.6,57.4
2000-10-01,Oct-2000,15056140,9961476,9318606,4920981,4397625,7147997,2170609,642870,354913,287957,6.5,61.9,65.4,58.4
2000-11-01,Nov-2000,15071053,9952768,9349978,5000157,4349821,6968728,2381250,602790,323962,278828,6.1,62.0,66.4,57.7
2000-12-01,Dec-2000,15085965,9866719,9236822,4918059,4318764,6971205,2265617,629897,338440,291457,6.4,61.2,65.2,57.2
2001-01-01,Jan-2001,15100877,9921627,9256917,4839792,4417125,6887815,2369102,664710,360000,304711,6.7,61.3,64.1,58.5
2001-02-01,Feb-2001,15115789,9900915,9243597,4853145,4390452,7008748,2234849,657318,350212,307106,6.6,61.2,64.2,58.1
2001-03-01,Mar-2001,15130702,9760422,9127916,4737510,4390406,7057245,2070670,632506,338937,293569,6.5,60.3,62.6,58.0
2001-04-01,Apr-2001,15145614,9884125,9263584,4878349,4385235,6939124,2324460,620541,334249,286292,6.3,61.2,64.4,57.9
2001-05-01,May-2001,15160526,9862186,9205581,4842788,4362793,6983604,2221977,656605,364753,291852,6.7,60.7,63.9,57.5
2001-06-01,Jun-2001,15175439,9859702,9233092,4974610,4258481,6898663,2334429,626610,347877,278734,6.4,60.8,65.6,56.1
2001-07-01,Jul-2001,15190351,9796673,9188526,4830394,4358133,6840093,2348433,608147,326910,281237,6.2,60.5,63.6,57.4
2001-08-01,Aug-2001,15205263,9822389,9203632,4737032,4466600,6841296,2362336,618757,344159,274598,6.3,60.5,62.3,58.7
2001-09-01,Sep-2001,15220175,9814765,9141267,4769409,4371858,7038809,2102458,673498,363444,310053,6.9,60.1,62.7,57.4
2001-10-01,Oct-2001,15235088,9864949,9218298,4845270,4373028,7179693,2038604,646652,351676,294976,6.6,60.5,63.6,57.4
2001-11-01,Nov-2001,15250000,9813425,9147112,4744789,4402323,6950254,2196858,666313,365696,300617,6.8,60.0,62.2,57.7
2001-12-01,Dec-2001,15264912,9785305,9160986,4769313,4391673,6848836,2312150,624319,338933,285385,6.4,60.0,62.5,57.5
2002-01-01,Jan-2002,15279825,9843261,9180363,4801941,4378422,6991698,2188665,662898,373929,288969,6.7,60.1,62.8,57.3
2002-02-01,Feb-2002,15294737,9735713,9117532,4800847,4316685,6847016,2270516,618181,335257,282924,6.3,59.6,62.8,56.5
2002-03-01,Mar-2002,15309649,9731941,9103195,4769735,4333460,6937561,2165635,628746,331905,296841,6.5,59.5,62.3,56.6
2002-04-01,Apr-2002,15324561,9655775,8968130,4666035,4302096,6786808,2181322,687644,380184,307460,7.1,58.5,60.9,56.2
2002-05-01,May-2002,15339474,9802014,9146084,4834827,4311257,6918360,2227724,655930,351361,304569,6.7,59.6,63.0,56.2
2002-06-01,Jun-2002,15354386,9765969,9143417,4772255,4371162,6944208,2199209,622552,334131,288421,6.4,59.5,62.1,57.0
2002-07-01,Jul-2002,15369298,9756982,9124848,4763922,4360925,6819733,2305114,632135,322264,309871,6.5,59.4,62.0,56.8
2002-08-01,Aug-2002,15384211,9740326,9099261,4710033,4389228,6814470,2284791,641065,352390,288675,6.6,59.1,61.2,57.1
2002-09-01,Sep-2002,15399123,9711032,9050428,4711142,4339285,6656651,2393776,660604,361901,298703,6.8,58.8,61.2,56.4
2002-10-01,Oct-2002,15414035,9714275,9094726,4799104,4295622,6803515,2291211,619549,339268,280281,6.4,59.0,62.2,55.8
2002-11-01,Nov-2002,15428947,9693012,9105163,4700815,4404348,6719973,2385190,587849,322943,264907,6.1,59.0,60.9,57.1
2002-12-01,Dec-2002,15443860,9697709,9074137,4754484,4319653,6810941,2263196,623571,346989,276583,6.4,58.8,61.5,56.0
2003-01-01,Jan-2003,15458772,9714304,9082500,4794214,4288286,6741311,2341190,631803,340573,291231,6.5,58.8,62.0,55.5
2003-02-01,Feb-2003,15473684,9788847,9149891,4779217,4370674,6886128,2263763,638956,350691,288265,6.5,59.1,61.7,56.5
2003-03-01,Mar-2003,15488596,9753641,9087548,4774205,4313342,6869125,2218422,666093,354362,311731,6.8,58.7,61.6,55.7
2003-04-01,Apr-2003,15503509,9736543,9095959,4716448,4379511,6703009,2392951,640584,343267,297317,6.6,58.7,60.8,56.5
2003-05-01,May-2003,15518421,9726009,9074052,4814729,4259324,6739861,2334192,651957,358534,293422,6.7,58.5,62.0,54.9
2003-06-01,Jun-2003,15533333,9739361,9133113,4836031,4297082,6769770,2363343,606248,329341,276907,6.2,58.8,62.2,55.4
2003-07-01,Jul-2003,15548246,9861875,9199455,4830863,4368593,6972300,2227156,662420,348409,314011,6.7,59.2,62.1,56.2
2003-08-01,Aug-2003,15563158,9831060,9140521,4708459,4432062,7013285,2127236,690539,374877,315662,7.0,58.7,60.5,57.0
2003-09-01,Sep-2003,15578070,9832871,9174735,4758130,4416605,6959016,2215718,658136,353682,304455,6.7,58.9,61.0,56.7
2003-10-01,Oct-2003,15592982,9837741,9192052,4859589,4332462,6859662,2332389,645689,342865,302824,6.6,58.9,62.3,55.6
2003-11-01,Nov-2003,15607895,9828000,9185397,4889409,4295988,7019263,2166134,642604,349255,293348,6.5,58.9,62.6,55.1
2003-12-01,Dec-2003,15622807,9904414,9216376,4840139,4376237,6766268,2450107,688038,368154,319884,6.9,59.0,61.9,56.1
2004-01-01,Jan-2004,15637719,9977605,9352189,4955427,4396762,7145668,2206520,625417,327332,298084,6.3,59.8,63.3,56.3
2004-02-01,Feb-2004,15652632,9948528,9304637,4843437,4461200,6906646,2397991,643891,339937,303955,6.5,59.4,61.8,57.1
2004-03-01,Mar-2004,15667544,9987696,9327005,4874100,4452904,6723008,2603996,660691,367813,292878,6.6,59.5,62.2,56.9
2004-04-01,Apr-2004,15682456,10020261,9350306,4894693,4455613,7245496,2104810,669955,350944,319010,6.7,59.6,62.4,56.9
2004-05-01,May-2004,15697368,10068755,9425294,4953337,4471958,7200342,2224953,643461,348225,295236,6.4,60.0,63.0,57.0
2004-06-01,Jun-2004,15712281,10021867,9362746,4828596,4534150,6906064,2456682,659121,359230,299892,6.6,59.6,61.4,57.8
2004-07-01,Jul-2004,15727193,10119414,9468683,4999646,4469037,7095754,2372929,650731,354823,295907,6.4,60.2,63.5,56.9
2004-08-01,Aug-2004,15742105,10123705,9462615,5014012,4448604,7052759,2409857,661090,348122,312968,6.5,60.1,63.6,56.6
2004-09-01,Sep-2004,15757018,10239147,9576984,4955772,4621212,7166149,2410835,662163,354649,307514,6.5,60.8,62.8,58.7
2004-10-01,Oct-2004,15771930,10193660,9560165,4936689,4623476,6999806,2560359,633495,342202,291294,6.2,60.6,62.5,58.7
2004-11-01,Nov-2004,15786842,10289532,9621255,5049793,4571462,7119484,2501771,668276,365373,302904,6.5,60.9,63.9,58.0
2004-12-01,Dec-2004,15801754,10365623,9669127,5025829,4643298,7263845,2405282,696496,370712,325785,6.7,61.2,63.5,58.8
2005-01-01,Jan-2005,15816667,10308497,9663366,4939390,4723977,7233612,2429754,645131,340005,305126,6.3,61.1,62.4,59.8
2005-02-01,Feb-2005,15831579,10323495,9658690,5090036,4568654,7322230,2336460,664805,364750,300055,6.4,61.0,64.2,57.8
2005-03-01,Mar-2005,15846491,10388341,9695834,5077443,4618390,7239634,2456200,692507,380635,311872,6.7,61.2,64.0,58.4
2005-04-01,Apr-2005,15861404,10404632,9756160,5077680,4678480,7503866,2252294,648472,351642,296830,6.2,61.5,63.9,59.1
2005-05-01,May-2005,15876316,10381053,9701545,5174384,4527161,7162299,2539246,679508,361796,317712,6.5,61.1,65.1,57.1
2005-06-01,Jun-2005,15891228,10472027,9819099,5139624,4679475,7342588,2476511,652927,354252,298676,6.2,61.8,64.6,59.0
2005-07-01,Jul-2005,15906140,10565815,9849066,5110848,4738218,7148469,2700597,716749,386721,330027,6.8,61.9,64.2,59.7
2005-08-01,Aug-2005,15921053,10474707,9733286,5091845,4641441,7126766,2606520,741421,405407,336014,7.1,61.1,63.9,58.4
2005-09-01,Sep-2005,15935965,10492474,9757417,5048279,4709138,7394112,2363305,735057,386563,348494,7.0,61.2,63.3,59.2
2005-10-01,Oct-2005,15950877,10464994,9790504,5078508,4711995,7194578,2595926,674490,363897,310594,6.4,61.4,63.6,59.2
2005-11-01,Nov-2005,15965789,10540762,9878269,5180219,4698051,7402374,2475896,662492,355576,306916,6.3,61.9,64.8,59.0
2005-12-01,Dec-2005,15980702,10473827,9873651,5130843,4742808,7338165,2535486,600176,316403,283773,5.7,61.8,64.1,59.5
2006-01-01,Jan-2006,15995614,10486291,9927841,5163604,4764236,7278606,2649234,558450,301788,256663,5.3,62.1,64.4,59.7
2006-02-01,Feb-2006,16010526,10604380,10043733,5329812,4713920,7431216,2612516,560647,301942,258705,5.3,62.7,66.5,59.0
2006-03-01,Mar-2006,16025439,10500660,10062761,5298662,4764099,7426298,2636463,437899,233870,204030,4.2,62.8,66.0,59.6
2006-04-01,Apr-2006,16040351,10595357,10090613,5309929,4780684,7447262,2643351,504744,273622,231122,4.8,62.9,66.1,59.7
2006-05-01,May-2006,16055263,10613833,10137510,5320185,4817325,7605365,2532144,476323,249554,226769,4.5,63.1,66.1,60.1
2006-06-01,Jun-2006,16070175,10548089,10036281,5264293,4771988,7516970,2519312,511808,275114,236694,4.9,62.5,65.4,59.5
2006-07-01,Jul-2006,16085088,10555698,10075751,5333453,4742298,7420325,2655426,479947,260299,219648,4.5,62.6,66.2,59.1
2006-08-01,Aug-2006,16100000,10615090,10155263,5300055,4855208,7443086,2712176,459828,248693,211134,4.3,63.1,65.7,60.4
2006-09-01,Sep-2006,16114912,10501663,10021812,5323836,4697975,7462194,2559618,479851,263308,216543,4.6,62.2,65.9,58.4
2006-10-01,Oct-2006,16129825,10471622,9981132,5161620,4819512,7391465,2589668,490490,257958,232532,4.7,61.9,63.9,59.9
2006-11-01,Nov-2006,16144737,10422893,9952931,5181167,4771765,7480609,2472322,469962,245704,224258,4.5,61.6,64.0,59.2
2006-12-01,Dec-2006,16159649,10477767,9993484,5145610,4847874,7671405,2322079,484283,261634,222649,4.6,61.8,63.5,60.1
2007-01-01,Jan-2007,16174561,10534245,10073942,5238631,4835311,7548293,2525649,460302,249657,210645,4.4,62.3,64.6,59.9
2007-02-01,Feb-2007,16189474,10495450,10079145,5284258,4794887,7461433,2617713,416305,232709,183596,4.0,62.3,65.1,59.4
2007-03-01,Mar-2007,16204386,10389303,9898408,5235147,4663260,7311786,2586621,490895,267008,223887,4.7,61.1,64.5,57.7
2007-04-01,Apr-2007,16219298,10379857,9894620,5128009,4766611,7238988,2655632,485236,256680,228556,4.7,61.0,63.1,58.9
2007-05-01,May-2007,16234211,10383656,9912545,5169916,4742629,7244887,2667658,471111,257106,214005,4.5,61.1,63.5,58.6
2007-06-01,Jun-2007,16249123,10409781,9939561,5165367,4774193,7252750,2686811,470221,248837,221383,4.5,61.2,63.4,58.9
2007-07-01,Jul-2007,16264035,10373658,9879968,5115136,4764831,7267090,2612877,493690,258079,235611,4.8,60.7,62.8,58.7
2007-08-01,Aug-2007,16278947,10383329,9927945,5117076,4810868,7296957,2630987,455384,256686,198698,4.4,61.0,62.7,59.2
2007-09-01,Sep-2007,16293860,10377790,9929120,5179219,4749901,7411814,2517306,448670,242642,206028,4.3,60.9,63.4,58.4
2007-10-01,Oct-2007,16308772,10340545,9880094,5064564,4815530,7260062,2620033,460450,250788,209662,4.5,60.6,62.0,59.2
2007-11-01,Nov-2007,16323684,10346706,9850346,5139549,4710798,7255809,2594537,496360,269578,226782,4.8,60.3,62.8,57.9
2007-12-01,Dec-2007,16338596,10354113,9924084,5173054,4751030,7206554,2717530,430029,238907,191122,4.2,60.7,63.2,58.3
2008-01-01,Jan-2008,16353509,10337136,9841165,5095917,4745247,7425833,2415331,495971,267946,228026,4.8,60.2,62.2,58.2
2008-02-01,Feb-2008,16368421,10365337,9915462,5116360,4799102,7366838,2548625,449875,247227,202648,4.3,60.6,62.4,58.8
2008-03-01,Mar-2008,16383333,10434122,9993300,5137340,4855960,7550492,2442808,440822,232340,208482,4.2,61.0,62.5,59.4
2008-04-01,Apr-2008,16398246,10375140,9875575,5237057,4638518,7361327,2514248,499565,261460,238104,4.8,60.2,63.7,56.7
2008-05-01,May-2008,16413158,10354976,9891511,5086065,4805446,7439473,2452037,463466,255615,207851,4.5,60.3,61.8,58.7
2008-06-01,Jun-2008,16428070,10277747,9848657,5206302,4642355,7233815,2614842,429090,236848,192242,4.2,60.0,63.2,56.7
2008-07-01,Jul-2008,16442982,10391031,9932754,5202680,4730074,7389234,2543520,458277,248524,209753,4.4,60.4,63.1,57.7
2008-08-01,Aug-2008,16457895,10289256,9802289,5086572,4715717,7484846,2317444,486966,262679,224288,4.7,59.6,61.6,57.5
2008-09-01,Sep-2008,16472807,10331618,9835905,5064496,4771409,7121814,2714091,495713,267082,228630,4.8,59.7,61.3,58.1
2008-10-01,Oct-2008,16487719,10461758,10002149,5259571,4742579,7479936,2522213,459609,243687,215921,4.4,60.7,63.6,57.7
2008-11-01,Nov-2008,16502632,10474966,9930102,5255280,4674822,7475595,2454507,544864,301004,243860,5.2,60.2,63.5,56.8
2008-12-01,Dec-2008,16517544,10455277,9840662,5076366,4764295,7280371,2560291,614616,334109,280507,5.9,59.6,61.3,57.9
2009-01-01,Jan-2009,16532456,10402673,9764069,5067356,4696713,7255075,2508994,638604,346150,292454,6.1,59.1,61.1,57.0
2009-02-01,Feb-2009,16547368,10495763,9762240,5131806,4630434,7301709,2460531,733524,396623,336901,7.0,59.0,61.8,56.1
2009-03-01,Mar-2009,16562281,10508966,9721631,5075152,4646479,7079553,2642078,787335,430980,356355,7.5,58.7,61.1,56.3
2009-04-01,Apr-2009,16577193,10604460,9823336,5209468,4613868,7258226,2565110,781124,423312,357812,7.4,59.3,62.7,55.8
2009-05-01,May-2009,16592105,10716684,9926119,5135897,4790221,7202328,2723790,790566,430302,360264,7.4,59.8,61.7,57.9
2009-06-01,Jun-2009,16607018,10647837,9847465,5149456,4698009,7162388,2685077,800372,420290,380083,7.5,59.3,61.8,56.8
2009-07-01,Jul-2009,16621930,10631892,9833706,5053574,4780133,7156007,2677699,798185,432515,365671,7.5,59.2,60.6,57.7
2009-08-01,Aug-2009,16636842,10646822,9863362,5233349,4630013,7223205,2640158,783460,437648,345812,7.4,59.3,62.7,55.8
2009-09-01,Sep-2009,16651754,10737472,9943595,5134882,4808713,7309131,2634464,793876,421958,371918,7.4,59.7,61.5,57.9
2009-10-01,Oct-2009,16666667,10766759,9929284,5053610,4875674,7327451,2601833,837474,448366,389109,7.8,59.6,60.4,58.7
2009-11-01,Nov-2009,16681579,10753348,9941099,5162597,4778502,7143636,2797463,812250,443124,369126,7.6,59.6,61.7,57.5
2009-12-01,Dec-2009,16696491,10851991,10014079,5199286,4814793,7542053,2472026,837912,457642,380270,7.7,60.0,62.1,57.9
2010-01-01,Jan-2010,16711404,10823216,9978956,5283058,4695897,7429177,2549779,844260,458269,385991,7.8,59.7,63.0,56.4
2010-02-01,Feb-2010,16726316,10970802,10131842,5249260,4882582,7496111,2635731,838960,436553,402407,7.6,60.6,62.5,58.6
2010-03-01,Mar-2010,16741228,11001546,10113972,5255965,4858008,7368309,2745664,887574,480629,406945,8.1,60.4,62.6,58.2
2010-04-01,Apr-2010,16756140,11034755,10229916,5346680,4883236,7478599,2751317,804839,422234,382605,7.3,61.1,63.6,58.5
2010-05-01,May-2010,16771053,10987086,10140850,5349936,4790913,7477340,2663509,846237,446960,399276,7.7,60.5,63.6,57.3
2010-06-01,Jun-2010,16785965,11066018,10244868,5319779,4925089,7537387,2707481,821150,444954,376196,7.4,61.0,63.2,58.9
2010-07-01,Jul-2010,16800877,11060896,10180013,5341694,4838319,7269242,2910770,880884,469857,411027,8.0,60.6,63.4,57.8
2010-08-01,Aug-2010,16815789,11073491,10195904,5322916,4872989,7531158,2664746,877586,477769,399818,7.9,60.6,63.1,58.2
2010-09-01,Sep-2010,16830702,11099490,10321255,5345790,4975466,7851451,2469804,778235,441852,336383,7.0,61.3,63.3,59.3
2010-10-01,Oct-2010,16845614,11072267,10268666,5337203,4931463,7307835,2960830,803601,437173,366428,7.3,61.0,63.1,58.8
2010-11-01,Nov-2010,16860526,11083972,10256434,5327799,4928635,7595558,2660876,827538,449716,377822,7.5,60.8,63.0,58.7
2010-12-01,Dec-2010,16875439,11213905,10395574,5350426,5045148,7629575,2765998,818331,431439,386892,7.3,61.6,63.2,60.0
2011-01-01,Jan-2011,16890351,11178258,10386374,5455743,4930631,7569258,2817116,791884,419469,372414,7.1,61.5,64.4,58.6
2011-02-01,Feb-2011,16905263,11210710,10461579,5358732,5102846,7780845,2680734,749131,393645,355486,6.7,61.9,63.2,60.6
2011-03-01,Mar-2011,16920175,11259883,10515179,5520060,4995119,7542750,2972429,744704,395247,349457,6.6,62.1,65.0,59.3
2011-04-01,Apr-2011,16935088,11127811,10386336,5440620,4945716,7591363,2794973,741474,389361,352113,6.7,61.3,64.0,58.6
2011-05-01,May-2011,16950000,11180376,10455829,5421710,5034118,7779341,2676488,724548,383578,340970,6.5,61.7,63.7,59.6
2011-06-01,Jun-2011,16964912,11231178,10472307,5394496,5077811,7610759,2861548,758871,405144,353727,6.8,61.7,63.3,60.1
2011-07-01,Jul-2011,16979825,11241933,10574710,5475189,5099520,7658746,2915963,667223,350909,316314,5.9,62.3,64.2,60.3
2011-08-01,Aug-2011,16994737,11200245,10454482,5448939,5005544,7626499,2827984,745763,389067,356695,6.7,61.5,63.9,59.1
2011-09-01,Sep-2011,17009649,11267430,10564175,5519832,5044343,7643394,2920781,703255,367272,335984,6.2,62.1,64.6,59.6
2011-10-01,Oct-2011,17024561,11219181,10463045,5442577,5020468,7781904,2681141,756136,408588,347547,6.7,61.5,63.7,59.2
2011-11-01,Nov-2011,17039474,11138178,10420564,5456675,4963889,7485228,2935336,717614,384919,332695,6.4,61.2,63.8,58.5
2011-12-01,Dec-2011,17054386,11142784,10443262,5387098,5056164,7690134,2753128,699522,381949,317573,6.3,61.2,62.9,59.5
2012-01-01,Jan-2012,17069298,11220483,10480663,5447344,5033319,7486428,2994235,739820,404063,335757,6.6,61.4,63.6,59.2
2012-02-01,Feb-2012,17084211,11190687,10488789,5356463,5132326,7696915,2791873,701899,373605,328294,6.3,61.4,62.4,60.3
2012-03-01,Mar-2012,17099123,11056248,10362821,5412417,4950405,7519691,2843130,693427,376080,317347,6.3,60.6,63.0,58.2
2012-04-01,Apr-2012,17114035,11208917,10524257,5464057,5060200,7366344,3157913,684660,356851,327809,6.1,61.5,63.6,59.4
2012-05-01,May-2012,17128947,11156063,10431663,5385769,5045894,7575492,2856171,724399,404511,319888,6.5,60.9,62.6,59.2
2012-06-01,Jun-2012,17143860,11179830,10439255,5471459,4967796,7464770,2974486,740575,405463,335112,6.6,60.9,63.5,58.2
2012-07-01,Jul-2012,17158772,11076447,10328149,5388410,4939739,7449066,2879083,748298,399111,349187,6.8,60.2,62.5,57.8
2012-08-01,Aug-2012,17173684,11066721,10351305,5218389,5132917,7674401,2676905,715416,374765,340651,6.5,60.3,60.5,60.0
2012-09-01,Sep-2012,17188596,11010176,10265672,5321286,4944386,7328305,2937367,744504,401466,343038,6.8,59.7,61.6,57.8
2012-10-01,Oct-2012,17203509,11186294,10458682,5342610,5116072,7469835,2988848,727611,375959,351653,6.5,60.8,61.8,59.8
2012-11-01,Nov-2012,17218421,11034425,10319760,5401217,4918543,7633564,2686197,714664,377039,337625,6.5,59.9,62.4,57.4
2012-12-01,Dec-2012,17233333,11114944,10376535,5504185,4872350,7531897,2844637,738409,400824,337585,6.6,60.2,63.6,56.8
2013-01-01,Jan-2013,17248246,10990224,10246780,5280726,4966054,7585547,2661233,743445,398525,344919,6.8,59.4,60.9,57.9
2013-02-01,Feb-2013,17263158,11024723,10317526,5347240,4970286,7506378,2811148,707196,375064,332132,6.4,59.8,61.7,57.9
2013-03-01,Mar-2013,17278070,10923977,10220576,5279816,4940760,7306810,2913766,703401,383168,320234,6.4,59.2,60.8,57.5
2013-04-01,Apr-2013,17292982,10987142,10277396,5339554,4937841,7431304,2846091,709747,372480,337267,6.5,59.4,61.5,57.4
2013-05-01,May-2013,17307895,11056648,10335678,5384470,4951207,7608791,2726887,720970,387885,333085,6.5,59.7,61.9,57.5
2013-06-01,Jun-2013,17322807,10941373,10254813,5374755,4880059,7516504,2738309,686560,363976,322584,6.3,59.2,61.8,56.6
2013-07-01,Jul-2013,17337719,11065450,10317757,5289857,5027900,7460556,2857201,747693,393745,353947,6.8,59.5,60.7,58.3
2013-08-01,Aug-2013,17352632,11032970,10326871,5426122,4900750,7469876,2856996,706099,381072,325027,6.4,59.5,62.2,56.8
2013-09-01,Sep-2013,17367544,10969292,10243606,5253625,4989981,7390322,2853284,725686,381049,344636,6.6,59.0,60.2,57.8
2013-10-01,Oct-2013,17382456,11008365,10315539,5352312,4963227,7390457,2925082,692826,383827,308999,6.3,59.3,61.3,57.4
2013-11-01,Nov-2013,17397368,11023974,10297527,5387810,4909717,7640937,2656590,726447,384363,342084,6.6,59.2,61.6,56.7
2013-12-01,Dec-2013,17412281,11061314,10331499,5382034,4949466,7459381,2872118,729814,404909,324906,6.6,59.3,61.5,57.1
2014-01-01,Jan-2014,17427193,11054349,10347442,5304336,5043106,7347436,3000006,706907,370375,336532,6.4,59.4,60.6,58.2
2014-02-01,Feb-2014,17442105,11060012,10285234,5284075,5001158,7370085,2915149,774778,419079,355700,7.0,59.0,60.3,57.6
2014-03-01,Mar-2014,17457018,11110622,10378125,5343685,5034440,7562683,2815442,732497,382957,349539,6.6,59.4,60.9,58.0
2014-04-01,Apr-2014,17471930,11098256,10327567,5338341,4989227,7514474,2813094,770689,401807,368882,6.9,59.1,60.8,57.4
2014-05-01,May-2014,17486842,11112037,10363110,5418249,4944861,7455008,2908101,748927,401675,347252,6.7,59.3,61.6,56.9
2014-06-01,Jun-2014,17501754,11206701,10496820,5359609,5137211,7491463,3005357,709881,384384,325496,6.3,60.0,60.9,59.0
2014-07-01,Jul-2014,17516667,11286930,10564064,5486272,5077791,7612244,2951820,722866,377281,345585,6.4,60.3,62.3,58.3
2014-08-01,Aug-2014,17531579,11192968,10453222,5435647,5017576,7347553,3105669,739746,404251,335495,6.6,59.6,61.7,57.5
2014-09-01,Sep-2014,17546491,11307815,10571078,5493643,5077435,7468390,3102688,736737,387981,348756,6.5,60.2,62.3,58.2
2014-10-01,Oct-2014,17561404,11308743,10572276,5488847,5083429,7695170,2877106,736467,394653,341814,6.5,60.2,62.2,58.2
2014-11-01,Nov-2014,17576316,11327711,10599515,5558185,5041330,7573283,3026232,728196,392005,336191,6.4,60.3,62.9,57.7
2014-12-01,Dec-2014,17591228,11461172,10768014,5590493,5177521,7785789,2982225,693158,374609,318549,6.0,61.2,63.2,59.2
2015-01-01,Jan-2015,17606140,11426059,10689805,5569057,5120748,7819494,2870310,736254,380259,355995,6.4,60.7,62.9,58.5
2015-02-01,Feb-2015,17621053,11570069,10882174,5652738,5229436,7894103,2988071,687895,378760,309135,5.9,61.8,63.8,59.7
2015-03-01,Mar-2015,17635965,11486924,10729597,5638881,5090716,7711583,3018014,757328,408960,348368,6.6,60.8,63.6,58.1
2015-04-01,Apr-2015,17650877,11585597,10853562,5503052,5350510,8033378,2820184,732034,388048,343987,6.3,61.5,62.0,61.0
2015-05-01,May-2015,17665789,11589404,10856821,5676860,5179961,7870301,2986520,732583,383928,348655,6.3,61.5,63.9,59.0
2015-06-01,Jun-2015,17680702,11596899,10849459,5588729,5260730,7748466,3100993,747440,386681,360760,6.4,61.4,62.9,59.9
2015-07-01,Jul-2015,17695614,11702422,10933788,5630516,5303271,7928346,3005442,768635,400175,368459,6.6,61.8,63.3,60.3
2015-08-01,Aug-2015,17710526,11695978,10977611,5614701,5362910,7921026,3056585,718367,387674,330693,6.1,62.0,63.0,60.9
2015-09-01,Sep-2015,17725439,11767718,11054259,5603621,5450637,7830179,3224080,713459,378679,334780,6.1,62.4,62.9,61.9
2015-10-01,Oct-2015,17740351,11762794,11029562,5672515,5357047,7915502,3114060,733232,383352,349880,6.2,62.2,63.6,60.7
2015-11-01,Nov-2015,17755263,11735200,11032313,5656503,5375809,7887971,3144342,702888,371712,331175,6.0,62.1,63.3,60.9
2015-12-01,Dec-2015,17770175,11813215,11073910,5742665,5331244,7710106,3363804,739305,406404,332901,6.3,62.3,64.3,60.4
2016-01-01,Jan-2016,17785088,11844795,11027775,5609733,5418041,7878855,3148920,817021,433616,383405,6.9,62.0,62.7,61.3
2016-02-01,Feb-2016,17800000,11914199,11171247,5844328,5326919,7966098,3205149,742952,392394,350558,6.2,62.8,65.3,60.2
2016-03-01,Mar-2016,17814912,11833103,11044680,5713491,5331190,7855701,3188980,788422,431638,356784,6.7,62.0,63.8,60.2
2016-04-01,Apr-2016,17829825,11895408,11162997,5745095,5417902,7798837,3364160,732411,394439,337972,6.2,62.6,64.1,61.1
2016-05-01,May-2016,17844737,11818710,11041656,5656585,5385071,7858007,3183648,777054,415209,361845,6.6,61.9,63.0,60.7
2016-06-01,Jun-2016,17859649,11956553,11188934,5727094,5461840,7996504,3192430,767619,405135,362483,6.4,62.6,63.7,61.5
2016-07-01,Jul-2016,17874561,11871792,11101901,5662929,5438972,7947935,3153966,769891,399035,370856,6.5,62.1,63.0,61.2
2016-08-01,Aug-2016,17889474,11838390,11052061,5669292,5382769,7769134,3282926,786329,410530,375799,6.6,61.8,63.0,60.6
2016-09-01,Sep-2016,17904386,11935165,11106977,5727444,5379533,8007084,3099893,828188,438070,390118,6.9,62.0,63.6,60.5
2016-10-01,Oct-2016,17919298,11998339,11212607,5771040,5441566,7867648,3344959,785732,417635,368098,6.5,62.6,64.0,61.1
2016-11-01,Nov-2016,17934211,11855080,11080814,5634083,5446731,7885627,3195186,774266,415972,358294,6.5,61.8,62.4,61.1
2016-12-01,Dec-2016,17949123,11874482,11131536,5723219,5408318,8094140,3037397,742946,400572,342374,6.3,62.0,63.4,60.6
2017-01-01,Jan-2017,17964035,11886905,11096921,5670029,5426892,7838573,3258348,789984,423308,366676,6.6,61.8,62.7,60.8
2017-02-01,Feb-2017,17978947,11858023,11094546,5726648,5367898,7855084,3239462,763477,409058,354419,6.4,61.7,63.3,60.1
2017-03-01,Mar-2017,17993860,11929688,11129444,5838941,5290503,8058481,3070963,800244,418902,381341,6.7,61.9,64.5,59.2
2017-04-01,Apr-2017,18008772,11854335,11085098,5746385,5338713,7857781,3227317,769236,393819,375417,6.5,61.6,63.4,59.7
2017-05-01,May-2017,18023684,11846396,11024823,5662844,5361978,7822403,3202420,821573,434008,387565,6.9,61.2,62.4,59.9
2017-06-01,Jun-2017,18038596,11903372,11188661,5673026,5515635,7995691,3192970,714711,374435,340276,6.0,62.0,62.5,61.6
2017-07-01,Jul-2017,18053509,11816472,11057163,5617389,5439775,7993301,3063863,759309,400063,359246,6.4,61.2,61.8,60.7
2017-08-01,Aug-2017,18068421,11865878,11068447,5607486,5460961,7628910,3439537,797431,423135,374296,6.7,61.3,61.7,60.9
2017-09-01,Sep-2017,18083333,11774452,11019435,5715008,5304427,7748370,3271065,755016,393286,361730,6.4,60.9,62.8,59.1
2017-10-01,Oct-2017,18098246,11746033,11005803,5625308,5380495,7716053,3289751,740230,386543,353687,6.3,60.8,61.8,59.9
2017-11-01,Nov-2017,18113158,11697036,10944503,5638693,5305811,7661879,3282624,752532,400543,351989,6.4,60.4,61.8,59.0
2017-12-01,Dec-2017,18128070,11883414,11151988,5706830,5445159,7830978,3321011,731426,390864,340562,6.2,61.5,62.5,60.5
2018-01-01,Jan-2018,18142982,11750937,10983631,5659266,5324365,7712035,3271596,767305,404088,363217,6.5,60.5,62.0,59.1
2018-02-01,Feb-2018,18157895,11768834,10932056,5703748,5228308,7801317,3130739,836778,450304,386474,7.1,60.2,62.4,58.0
2018-03-01,Mar-2018,18172807,11742277,10945416,5595948,5349468,7674673,3270742,796861,423076,373785,6.8,60.2,61.2,59.3
2018-04-01,Apr-2018,18187719,11742598,11011886,5648292,5363595,7833041,3178845,730712,382081,348631,6.2,60.5,61.7,59.4
2018-05-01,May-2018,18202632,11728178,10991453,5611656,5379797,7847417,3144036,736725,393013,343712,6.3,60.4,61.2,59.5
2018-06-01,Jun-2018,18217544,11823241,11066694,5742498,5324195,7770296,3296397,756548,417495,339053,6.4,60.7,62.6,58.9
2018-07-01,Jul-2018,18232456,11657689,10870666,5536921,5333746,7726051,3144615,787023,414157,372865,6.8,59.6,60.3,58.9
2018-08-01,Aug-2018,18247368,11627058,10895178,5542989,5352189,7909170,2986008,731880,398588,333292,6.3,59.7,60.3,59.1
2018-09-01,Sep-2018,18262281,11657053,10919460,5540863,5378597,7777171,3142289,737593,403235,334358,6.3,59.8,60.3,59.3
2018-10-01,Oct-2018,18277193,11641985,10859506,5508739,5350767,7625240,3234265,782480,428688,353791,6.7,59.4,59.9,59.0
2018-11-01,Nov-2018,18292105,11761422,10971506,5668073,5303433,7765725,3205781,789916,414403,375514,6.7,60.0,61.5,58.4
2018-12-01,Dec-2018,18307018,11773406,11019137,5807704,5211433,7700903,3318235,754269,417081,337188,6.4,60.2,63.0,57.3
2019-01-01,Jan-2019,18321930,11686126,10959184,5580208,5378976,7789666,3169518,726942,388140,338802,6.2,59.8,60.5,59.1
2019-02-01,Feb-2019,18336842,11675806,10962115,5687836,5274279,7855605,3106510,713691,378398,335293,6.1,59.8,61.6,57.9
2019-03-01,Mar-2019,18351754,11748792,11005652,5671302,5334349,7694953,3310699,743141,394161,348980,6.3,60.0,61.4,58.6
2019-04-01,Apr-2019,18366667,11863672,11158689,5674080,5484608,7869039,3289650,704983,379762,325221,5.9,60.8,61.3,60.2
2019-05-01,May-2019,18381579,11652832,10873554,5573391,5300163,7812412,3061142,779278,415466,363811,6.7,59.2,60.2,58.1
2019-06-01,Jun-2019,18396491,11861187,11108892,5695864,5413028,7796135,3312757,752295,399339,352956,6.3,60.4,61.5,59.3
2019-07-01,Jul-2019,18411404,11798906,11017781,5623350,5394431,7806870,3210910,781126,426024,355102,6.6,59.8,60.6,59.0
2019-08-01,Aug-2019,18426316,11944296,11112128,5816560,5295568,7733593,3378534,832169,437137,395032,7.0,60.3,62.7,57.9
2019-09-01,Sep-2019,18441228,11857710,11052187,5572581,5479605,7712494,3339693,805524,420532,384992,6.8,59.9,60.0,59.9
2019-10-01,Oct-2019,18456140,11934018,11192651,5770812,5421839,7843030,3349622,741367,400625,340742,6.2,60.6,62.1,59.2
2019-11-01,Nov-2019,18471053,11900547,11101150,5720303,5380847,8076087,3025063,799397,431240,368157,6.7,60.1,61.5,58.7
2019-12-01,Dec-2019,18485965,11965510,11153116,5695683,5457433,7822999,3330117,812394,441395,370999,6.8,60.3,61.2,59.5
2020-01-01,Jan-2020,18500877,12133583,11367540,5846029,5521512,7957064,3410477,766043,399590,366453,6.3,61.4,62.7,60.1
2020-02-01,Feb-2020,18515789,12140228,11331485,5868142,5463343,7925475,3406010,808743,439252,369490,6.7,61.2,62.9,59.5
2020-03-01,Mar-2020,18530702,12111064,11230278,5774437,5455840,7896778,3333500,880786,473071,407715,7.3,60.6,61.8,59.3
2020-04-01,Apr-2020,18545614,12124230,11239205,5793305,5445900,7992825,3246379,885026,486650,398375,7.3,60.6,62.0,59.2
2020-05-01,May-2020,18560526,12106678,11081523,5726713,5354810,7826473,3255050,1025155,532802,492354,8.5,59.7,61.2,58.2
2020-06-01,Jun-2020,18575439,12229639,11263661,5666780,5596881,8162984,3100678,965977,516178,449800,7.9,60.6,60.5,60.7
2020-07-01,Jul-2020,18590351,12288991,11278431,5871578,5406852,7963138,3315292,1010560,534955,475605,8.2,60.7,62.7,58.6
2020-08-01,Aug-2020,18605263,12324585,11285301,5919698,5365603,8104632,3180669,1039284,536486,502798,8.4,60.7,63.1,58.1
2020-09-01,Sep-2020,18620175,12361759,11367474,5888457,5479017,8027974,3339500,994284,521921,472363,8.0,61.0,62.8,59.3
2020-10-01,Oct-2020,18635088,12340909,11385533,5899083,5486450,8075575,3309958,955375,519061,436314,7.7,61.1,62.8,59.4
2020-11-01,Nov-2020,18650000,12435201,11518993,5828135,5690857,7931564,3587429,916208,483126,433082,7.4,61.8,62.0,61.5
2020-12-01,Dec-2020,18664912,12470457,11616655,5951854,5664801,8149099,3467556,853802,448023,405779,6.8,62.2,63.3,61.2
2021-01-01,Jan-2021,18679825,12576868,11723626,5965385,5758240,8228278,3495348,853243,461274,391969,6.8,62.8,63.4,62.2
2021-02-01,Feb-2021,18694737,12639175,11885229,6060351,5824878,8318308,3566921,753947,408476,345471,6.0,63.6,64.3,62.8
2021-03-01,Mar-2021,18709649,12554558,11738517,6076146,5662371,7988753,3749764,816041,442072,373969,6.5,62.7,64.4,61.0
2021-04-01,Apr-2021,18724561,12544639,11751648,5978267,5773381,8351496,3400153,792991,415470,377521,6.3,62.8,63.3,62.2
2021-05-01,May-2021,18739474,12607007,11783375,6033485,5749890,8221969,3561406,823632,437521,386111,6.5,62.9,63.9,61.9
2021-06-01,Jun-2021,18754386,12596872,11771124,5921919,5849205,8204741,3566382,825749,447606,378143,6.6,62.8,62.6,62.9
2021-07-01,Jul-2021,18769298,12606990,11816274,6047413,5768861,8255130,3561145,790716,415251,375464,6.3,63.0,63.9,62.0
2021-08-01,Aug-2021,18784211,12660503,11857857,6082801,5775056,8284688,3573169,802646,420740,381906,6.3,63.1,64.2,62.0
2021-09-01,Sep-2021,18799123,12617224,11772103,5991409,5780695,8296864,3475239,845120,456307,388813,6.7,62.6,63.2,62.0
2021-10-01,Oct-2021,18814035,12719765,11881880,6045758,5836123,8172130,3709750,837884,458522,379363,6.6,63.2,63.7,62.6
2021-11-01,Nov-2021,18828947,12686433,11934136,6227238,5706897,8245924,3688212,752298,391239,361059,5.9,63.4,65.6,61.1
2021-12-01,Dec-2021,18843860,12710489,11921171,6035296,5885875,8379885,3541286,789318,399054,390264,6.2,63.3,63.5,63.0
2022-01-01,Jan-2022,18858772,12687437,11941759,6054592,5887167,8374312,3567447,745678,385520,360158,5.9,63.3,63.7,63.0
2022-02-01,Feb-2022,18873684,12655521,12081671,6139488,5942183,8406576,3675094,573850,299176,274674,4.5,64.0,64.5,63.5
2022-03-01,Mar-2022,18888596,12639497,12061184,6249526,5811657,8365779,3695405,578314,306542,271772,4.6,63.9,65.6,62.1
2022-04-01,Apr-2022,18903509,12674028,12024199,6284003,5740197,8306059,3718140,649829,349323,300506,5.1,63.6,65.9,61.3
2022-05-01,May-2022,18918421,12648535,12054563,6192592,5861971,8417836,3636727,593972,314748,279224,4.7,63.7,64.9,62.5
2022-06-01,Jun-2022,18933333,12683280,12105523,6154610,5950913,8600659,3504864,577757,302935,274822,4.6,63.9,64.5,63.4
2022-07-01,Jul-2022,18948246,12658386,12095343,6166311,5929032,8319880,3775463,563043,300007,263036,4.4,63.8,64.5,63.1
2022-08-01,Aug-2022,18963158,12568339,12019769,6216850,5802918,8575428,3444340,548570,286159,262412,4.4,63.4,65.0,61.7
2022-09-01,Sep-2022,18978070,12635665,12073773,6124865,5948908,8529182,3544591,561892,298229,263663,4.4,63.6,64.0,63.2
2022-10-01,Oct-2022,18992982,12540388,11993336,6225192,5768145,8314077,3679259,547052,287080,259971,4.4,63.1,65.0,61.3
2022-11-01,Nov-2022,19007895,12566129,11977252,6214034,5763217,8448239,3529013,588877,328571,260307,4.7,63.0,64.8,61.2
2022-12-01,Dec-2022,19022807,12568458,12015388,6152302,5863086,8202175,3813213,553070,298266,254805,4.4,63.2,64.1,62.2
2023-01-01,Jan-2023,19037719,12450574,11904029,6128935,5775094,8091817,3812213,546544,285699,260845,4.4,62.5,63.8,61.2
2023-02-01,Feb-2023,19052632,12558321,12030939,6199876,5831063,8228492,3802447,527382,274810,252572,4.2,63.1,64.5,61.8
2023-03-01,Mar-2023,19067544,12546144,11983123,6222804,5760319,8298511,3684612,563021,296507,266514,4.5,62.8,64.7,61.0
2023-04-01,Apr-2023,19082456,12513577,11978437,6063682,5914756,8302637,3675801,535139,275347,259792,4.3,62.8,63.0,62.6
2023-05-01,May-2023,19097368,12484395,11928239,6170801,5757438,8242490,3685749,556156,291227,264929,4.5,62.5,64.0,60.8
2023-06-01,Jun-2023,19112281,12474591,11880744,6053148,5827597,8279976,3600768,593847,310897,282950,4.8,62.2,62.8,61.5
2023-07-01,Jul-2023,19127193,12428756,11858092,6017709,5840383,7996507,3861585,570664,307997,262667,4.6,62.0,62.4,61.6
2023-08-01,Aug-2023,19142105,12459787,11883374,6081632,5801742,8323438,3559936,576412,303525,272887,4.6,62.1,63.0,61.2
2023-09-01,Sep-2023,19157018,12435919,11865232,6052915,5812317,8080847,3784385,570687,298413,272274,4.6,61.9,62.6,61.2
2023-10-01,Oct-2023,19171930,12467473,11904592,6026348,5878245,8195229,3709363,562881,291216,271665,4.5,62.1,62.3,61.9
2023-11-01,Nov-2023,19186842,12389706,11836113,5954969,5881145,8174742,3661372,553593,287298,266295,4.5,61.7,61.5,61.9
2023-12-01,Dec-2023,19201754,12471856,11920220,6035710,5884510,8141502,3778718,551636,292388,259248,4.4,62.1,62.3,61.9
2024-01-01,Jan-2024,19216667,12468391,11883651,6158842,5724809,8088290,3795361,584740,309044,275696,4.7,61.8,63.5,60.1
2024-02-01,Feb-2024,19231579,12456505,11929727,6212527,5717200,8160463,3769263,526778,285500,241278,4.2,62.0,64.0,60.0
2024-03-01,Mar-2024,19246491,12446618,11844802,6089949,5754852,8217425,3627376,601816,315535,286281,4.8,61.5,62.7,60.4
2024-04-01,Apr-2024,19261404,12514020,11949823,6175331,5774492,8359486,3590337,564197,305317,258880,4.5,62.0,63.5,60.5
2024-05-01,May-2024,19276316,12398812,11864073,6029385,5834688,8293739,3570334,534739,285068,249671,4.3,61.5,62.0,61.1
2024-06-01,Jun-2024,19291228,12537536,11988679,6118435,5870244,8191242,3797437,548857,291139,257719,4.4,62.1,62.8,61.4
2024-07-01,Jul-2024,19306140,12543590,12000358,6145360,5854998,8220835,3779523,543232,277251,265981,4.3,62.2,63.1,61.2
2024-08-01,Aug-2024,19321053,12567318,11996756,6061062,5935693,8200152,3796604,570563,295278,275285,4.5,62.1,62.1,62.0
2024-09-01,Sep-2024,19335965,12597175,12052909,6094303,5958606,8400961,3651948,544266,292706,251560,4.3,62.3,62.4,62.2
2024-10-01,Oct-2024,19350877,12563597,11962362,6112913,5849449,8037589,3924773,601235,327270,273965,4.8,61.8,62.6,61.0
2024-11-01,Nov-2024,19365789,12615490,12021983,6117653,5904331,8468718,3553265,593507,315971,277536,4.7,62.1,62.6,61.6
2024-12-01,Dec-2024,19380702,12698883,12097988,6110733,5987255,8311034,3786954,600895,323225,277670,4.7,62.4,62.5,62.4
